{
  "addfox": {
    "avg": 2.3875,
    "min": 2.32,
    "max": 2.52,
    "all": [
      2.48,
      2.42,
      2.52,
      2.34,
      2.33,
      2.32,
      2.34,
      2.35
    ],
    "avgPure": null,
    "avgSize": null
  },
  "wxt": {
    "avg": 2.1300000000000003,
    "min": 2.09,
    "max": 2.19,
    "all": [
      2.14,
      2.11,
      2.09,
      2.12,
      2.12,
      2.19,
      2.15,
      2.12
    ],
    "avgPure": null,
    "avgSize": null
  },
  "extensionjs": {
    "avg": 2.13,
    "min": 2.08,
    "max": 2.2,
    "all": [
      2.12,
      2.08,
      2.17,
      2.2,
      2.08,
      2.1,
      2.1,
      2.19
    ],
    "avgPure": null,
    "avgSize": null
  },
  "plasmo": {
    "avg": 3.04125,
    "min": 3.02,
    "max": 3.08,
    "all": [
      3.08,
      3.04,
      3.03,
      3.03,
      3.04,
      3.04,
      3.05,
      3.02
    ],
    "avgPure": null,
    "avgSize": null
  }
}