{
  "addfox": {
    "avg": 1.5139999999999998,
    "min": 1.47,
    "max": 1.67,
    "all": [
      1.67,
      1.48,
      1.47,
      1.48,
      1.47
    ]
  },
  "wxt": {
    "avg": 1.9460000000000002,
    "min": 1.92,
    "max": 1.98,
    "all": [
      1.98,
      1.92,
      1.97,
      1.92,
      1.94
    ]
  },
  "extensionjs": {
    "avg": 1.574,
    "min": 1.55,
    "max": 1.6,
    "all": [
      1.6,
      1.56,
      1.59,
      1.55,
      1.57
    ]
  },
  "plasmo": {
    "avg": 2.8019999999999996,
    "min": 2.76,
    "max": 2.94,
    "all": [
      2.94,
      2.76,
      2.77,
      2.78,
      2.76
    ]
  }
}