{
  "addfox": {
    "avg": 1.4725,
    "min": 1.43,
    "max": 1.55,
    "all": [
      1.55,
      1.54,
      1.45,
      1.46,
      1.43,
      1.45,
      1.46,
      1.44
    ],
    "avgPure": 0.605,
    "avgSize": 836.8000000000001
  },
  "wxt": {
    "avg": 1.8325,
    "min": 1.82,
    "max": 1.85,
    "all": [
      1.85,
      1.82,
      1.84,
      1.83,
      1.85,
      1.82,
      1.83,
      1.82
    ],
    "avgPure": 0.7525000000000001,
    "avgSize": 811.8000000000001
  },
  "extensionjs": {
    "avg": 1.52875,
    "min": 1.51,
    "max": 1.55,
    "all": [
      1.54,
      1.51,
      1.52,
      1.53,
      1.52,
      1.54,
      1.55,
      1.52
    ],
    "avgPure": null,
    "avgSize": 1450.7999999999997
  },
  "plasmo": {
    "avg": 2.63375,
    "min": 2.58,
    "max": 2.68,
    "all": [
      2.68,
      2.6,
      2.63,
      2.58,
      2.68,
      2.59,
      2.67,
      2.64
    ],
    "avgPure": 1.38,
    "avgSize": 1364.8
  }
}