{
  "addfox": {
    "avg": 3.5420000000000003,
    "min": 2.33,
    "max": 8.35,
    "all": [
      8.35,
      2.37,
      2.33,
      2.33,
      2.33
    ]
  },
  "wxt": {
    "avg": 5.6240000000000006,
    "min": 2.07,
    "max": 19.64,
    "all": [
      19.64,
      2.12,
      2.12,
      2.07,
      2.17
    ]
  },
  "extensionjs": {
    "avg": 3.3900000000000006,
    "min": 2.12,
    "max": 8.32,
    "all": [
      8.32,
      2.24,
      2.13,
      2.14,
      2.12
    ]
  },
  "plasmo": {
    "avg": 6.537999999999999,
    "min": 3,
    "max": 20.43,
    "all": [
      20.43,
      3.09,
      3,
      3.08,
      3.09
    ]
  }
}