{
  "addfox": {
    "avg": 1.91625,
    "min": 1.88,
    "max": 1.94,
    "all": [
      1.88,
      1.93,
      1.92,
      1.92,
      1.94,
      1.91,
      1.93,
      1.9
    ],
    "avgPure": null,
    "avgSize": null
  },
  "wxt": {
    "avg": 2.0900000000000003,
    "min": 2.05,
    "max": 2.16,
    "all": [
      2.16,
      2.09,
      2.08,
      2.06,
      2.05,
      2.09,
      2.08,
      2.11
    ],
    "avgPure": null,
    "avgSize": null
  },
  "extensionjs": {
    "avg": 2.25125,
    "min": 2.21,
    "max": 2.33,
    "all": [
      2.24,
      2.24,
      2.21,
      2.33,
      2.23,
      2.26,
      2.23,
      2.27
    ],
    "avgPure": null,
    "avgSize": null
  },
  "plasmo": {
    "avg": 3.12,
    "min": 3.08,
    "max": 3.22,
    "all": [
      3.08,
      3.08,
      3.08,
      3.1,
      3.14,
      3.12,
      3.14,
      3.22
    ],
    "avgPure": null,
    "avgSize": null
  }
}