{
  "addfox": {
    "avg": 1.44,
    "min": 1.43,
    "max": 1.45,
    "all": [
      1.43,
      1.44,
      1.43,
      1.45,
      1.45
    ],
    "avgPure": 0.582,
    "avgSize": 836.8
  },
  "wxt": {
    "avg": 1.8200000000000003,
    "min": 1.8,
    "max": 1.83,
    "all": [
      1.82,
      1.83,
      1.82,
      1.83,
      1.8
    ],
    "avgPure": 0.752,
    "avgSize": 811.8
  },
  "extensionjs": {
    "avg": 1.5219999999999998,
    "min": 1.51,
    "max": 1.54,
    "all": [
      1.54,
      1.52,
      1.52,
      1.51,
      1.52
    ],
    "avgPure": null,
    "avgSize": 1450.8
  },
  "plasmo": {
    "avg": 2.622,
    "min": 2.58,
    "max": 2.69,
    "all": [
      2.69,
      2.65,
      2.58,
      2.58,
      2.61
    ],
    "avgPure": 1.392,
    "avgSize": 1364.8
  }
}