{
  "addfox": {
    "avg": 2.4059999999999997,
    "min": 2.33,
    "max": 2.64,
    "all": [
      2.36,
      2.33,
      2.64,
      2.35,
      2.35
    ],
    "avgPure": null,
    "avgSize": null
  },
  "wxt": {
    "avg": 2.1759999999999997,
    "min": 2.07,
    "max": 2.46,
    "all": [
      2.46,
      2.15,
      2.11,
      2.07,
      2.09
    ],
    "avgPure": null,
    "avgSize": null
  },
  "extensionjs": {
    "avg": 2.104,
    "min": 2.07,
    "max": 2.13,
    "all": [
      2.07,
      2.1,
      2.13,
      2.12,
      2.1
    ],
    "avgPure": null,
    "avgSize": null
  },
  "plasmo": {
    "avg": 3.018,
    "min": 2.99,
    "max": 3.05,
    "all": [
      3.01,
      3.01,
      3.05,
      3.03,
      2.99
    ],
    "avgPure": null,
    "avgSize": null
  }
}