{
  "addfox": {
    "avg": 1.9249999999999998,
    "min": 1.9,
    "max": 1.94,
    "all": [
      1.94,
      1.92,
      1.9,
      1.94
    ]
  },
  "wxt": {
    "avg": 2.196,
    "min": 2.16,
    "max": 2.25,
    "all": [
      2.25,
      2.17,
      2.18,
      2.16,
      2.22
    ]
  },
  "extensionjs": {
    "avg": 8.088000000000001,
    "min": 5.68,
    "max": 9.6,
    "all": [
      8.11,
      5.68,
      9.6,
      8.56,
      8.49
    ]
  },
  "plasmo": {
    "avg": 3.5780000000000003,
    "min": 3.49,
    "max": 3.64,
    "all": [
      3.62,
      3.64,
      3.59,
      3.49,
      3.55
    ]
  }
}