{
  "addfox": {
    "avg": 1.4837500000000001,
    "min": 1.46,
    "max": 1.5,
    "all": [
      1.49,
      1.5,
      1.5,
      1.46,
      1.48,
      1.48,
      1.47,
      1.49
    ],
    "avgPure": 0.6,
    "avgSize": 837
  },
  "wxt": {
    "avg": 1.91125,
    "min": 1.82,
    "max": 2.06,
    "all": [
      1.98,
      1.84,
      1.88,
      2.06,
      1.87,
      1.82,
      1.84,
      2
    ],
    "avgPure": 0.76875,
    "avgSize": 809.6000000000001
  },
  "extensionjs": {
    "avg": 1.7450000000000003,
    "min": 1.62,
    "max": 2.11,
    "all": [
      1.89,
      1.73,
      2.11,
      1.68,
      1.64,
      1.64,
      1.62,
      1.65
    ],
    "avgPure": null,
    "avgSize": 1445.2000000000003
  },
  "plasmo": {
    "avg": 2.6912499999999997,
    "min": 2.66,
    "max": 2.77,
    "all": [
      2.77,
      2.67,
      2.72,
      2.68,
      2.67,
      2.69,
      2.67,
      2.66
    ],
    "avgPure": 1.41125,
    "avgSize": 1364.8
  }
}