{
  "addfox": {
    "avg": 1.6375000000000002,
    "min": 1.6,
    "max": 1.69,
    "all": [
      1.63,
      1.6,
      1.6,
      1.65,
      1.64,
      1.69,
      1.66,
      1.63
    ],
    "avgPure": 0.655,
    "avgSize": 837
  },
  "wxt": {
    "avg": 2.0737500000000004,
    "min": 2.02,
    "max": 2.13,
    "all": [
      2.1,
      2.04,
      2.06,
      2.02,
      2.07,
      2.13,
      2.08,
      2.09
    ],
    "avgPure": 0.8424999999999999,
    "avgSize": 809.6000000000001
  },
  "extensionjs": {
    "avg": 1.7625000000000002,
    "min": 1.71,
    "max": 1.81,
    "all": [
      1.78,
      1.71,
      1.76,
      1.81,
      1.76,
      1.8,
      1.75,
      1.73
    ],
    "avgPure": null,
    "avgSize": 1445.2000000000003
  },
  "plasmo": {
    "avg": 2.9524999999999997,
    "min": 2.86,
    "max": 3.13,
    "all": [
      2.97,
      2.88,
      2.91,
      3,
      2.86,
      2.94,
      2.93,
      3.13
    ],
    "avgPure": 1.545,
    "avgSize": 1364.8
  }
}